1.3748,1.7244,1.9111,0.74517,847.81,895.36,3.6911,2.2554,4.1042,2.6909,860.91,3.2727,858.68,870.25,1.7885,437.93,2.2502,4.2871,1.5163,1257.3,1.852,1.6445,1251.2,1.9696,1.0989,1259.8,1.3738,2.8167,1.8011,1.6908,3.2052,2.0035,4.1563,2.5469,1265.1,1.6946,2.2404,1306.5,2.0352,2.0932,2.9165,1.5859,542.65,1.652,2.1271,1.8486,1.8786,1.2092,1.5854,2.1636,1.5636,1.4958,2.0953,2.2896,1.8402,4.2713,873.78,1.881,3.4306,2.1718,2.9837,1.9492,1.8394,4.0791,2.0846,0.81004,2.0008,1.3254,1326.1,524.81,2.1714,0.85721,3.324,2.1645,1.6837,3.075,539.55,3.3406,1277,1.6026,2.3704,1.9076,2.4049,545.46,2.15,2.345,2.7481,0.94552,2.4711,1.4247,2.0527,2.6701,1.9686,1.5233,477.8,2.0253,2.2917,2.3711,3.3007,2.1198,1.578,1.3329,2.4853,1.6171,3.7628,2.0755,1267.8,3.0515,1.7655,492.98,3.6131,1.6962,3.2511,0.62811,0.87363,0.85051,2.5819,0.83858,1.8858,2.3829,2.2565,1331.8,850.61,1.7238,1.8969,4.1015,2.3683,1273.8,1.5223,1.5276,882.44,2.2857,1307.4,1.9586,2.2283,886.41,2.7809,1.8766,2.4702,2.3628,2.4322,1.5652,0.52609,438.05,3.3366,1343.2,881.58,2.7978,1341.3,0.85725,2.8918,2.6179,1.6451,1.0494,1.9038,2.7047,2.987,1.8061,1329.3,2.3869,2.2018,1.911,3.0433,2.4418,2.3601,2.3254,1.685,1.4106,2.2256,3.0581,1272.9,2.3415,1.6036,3.0389,1.1824,3.2575,3.1118,2.0112,0.82016,2.3345,2.5654,1.5982,2.5509,494.85,540.31,1290.8,2.2667,0.89859,2.8196,457.07,1.8585,2.683,1.2188,2.0115,2.006,1.7181,1308.8,1329,1.4728,2.6813,1.5838,863.33,854.68,1.9157,1269,3.6162,3.1897,414.48,1286.5,2.6002,1.3196,865,1.4959,1.7616,1.2784,1.2629,2.0151,1.1599,483.83,2.1588,435.2,1251.8,2.6697,2.578,566.92,3.8277,1.7268,1.8052,2.1844,418.25,1.4169,1.7457,1.7961,870.22,2.3765,574.31,2.0203,1.4191,1.9537,1283,1.7899,928.34,1301.1,1288.7,1.9004,447.41,2.6816,578.5,1.5781,2.8396,2.4342,0.74432,1.6939,856.86,1294.6,457.04,1.6096,1.3642,840.41,1.3557,1306.3,4.5917,1.415,2.2718,1.6992,2.6295,2.1468,1.9051,862.45,2.0718,1.5433,861.73,1.3654,1.7713,2.0024,1.5718,2.1659,1.7084
326.63,418.35,383.06,148.36,10245,13688,724.16,468.53,792.2,533.36,10620,668.9,10465,14963,397.21,19127,462.53,839.86,328.56,11451,410.83,368.54,13200,403.54,248.58,11644,285.19,557.6,369.96,405.71,645.29,392.95,827.94,509.46,11247,380.71,424.85,14130,460.94,437.44,587.85,362.12,11765,358.34,490.77,416.38,408.94,301.76,331.5,444.23,322.03,305.48,436.87,468.86,349.66,860.58,9173.9,424.05,688.68,444.27,605.84,438.96,390.98,815.9,388.3,162.12,437.76,332.55,15238,14787,492.62,172.85,662.5,446.2,360.94,627.8,13316,671.67,14029,289.41,471.68,435.48,499.29,13625,454.75,495.37,555,212.47,486.25,339.06,414.65,540.51,400.97,344.65,16121,416.33,416.71,482.53,655.94,440.5,349.41,301.78,476.46,373.02,765.03,413.52,11715,607.84,349.83,15647,758.55,372.89,630.22,110.74,198.12,173.16,564.98,150.54,392.58,485.11,478.97,17959,9883.8,396.63,435,818.36,462.28,13252,378.72,315.81,12456,479.65,12169,384.82,440.56,13772,565.43,404.99,505.73,542.18,514.4,351.82,106.26,17636,656.27,15834,9708,570.58,14288,210.06,576.58,518.46,358.7,227.65,482.95,558.46,597.45,355.7,12757,498.66,447.21,394.64,597.99,503.35,480.47,475,382.51,270.32,457.6,595.4,10874,478.13,354.89,598.71,277.17,646.53,645.93,413.68,153.04,475.55,500.84,315.12,519.78,15122,14072,13266,512.87,178.72,556.21,19249,376.59,522.23,279.87,413.57,401.36,392.89,12481,12541,336.29,542.45,376,10664,12048,406.23,11879,709.61,645.18,18600,14845,537.72,285.46,10400,318.86,370.9,288.72,259,414.89,302.71,15995,459.93,20367,10635,555.52,515.83,14028,772.86,371.77,362.18,425.12,18952,320.08,360.3,358.18,10302,495.45,12790,425.52,342.12,431.93,11744,399.62,17966,16177,11640,393.01,16241,529.52,12728,344.26,572.48,501.27,163.82,353.05,9489,14441,18381,347.46,254.04,10013,319.69,15543,910.5,306.48,466.38,389.83,536,441.06,428.38,9684.8,460.14,355.81,10898,296.54,416.68,421.69,356.47,508.06,400.51
18.073,20.454,19.572,12.18,101.22,116.99,26.91,21.646,28.146,23.095,103.05,25.863,102.3,122.32,19.93,138.3,21.507,28.98,18.126,107.01,20.269,19.197,114.89,20.088,15.766,107.91,16.888,23.614,19.234,20.142,25.403,19.823,28.774,22.571,106.05,19.512,20.612,118.87,21.47,20.915,24.246,19.03,108.47,18.93,22.153,20.405,20.222,17.371,18.207,21.077,17.945,17.478,20.901,21.653,18.699,29.336,95.781,20.592,26.243,21.078,24.614,20.951,19.773,28.564,19.705,12.733,20.923,18.236,123.44,121.6,22.195,13.147,25.739,21.123,18.998,25.056,115.4,25.917,118.44,17.012,21.718,20.868,22.345,116.73,21.325,22.257,23.558,14.576,22.051,18.413,20.363,23.249,20.024,18.565,126.97,20.404,20.413,21.966,25.611,20.988,18.692,17.372,21.828,19.314,27.659,20.335,108.24,24.655,18.704,125.09,27.542,19.31,25.104,10.523,14.075,13.159,23.769,12.27,19.814,22.025,21.885,134.01,99.417,19.916,20.857,28.607,21.501,115.12,19.461,17.771,111.6,21.901,110.31,19.617,20.99,117.35,23.779,20.124,22.488,23.285,22.68,18.757,10.308,132.8,25.618,125.83,98.529,23.887,119.53,14.493,24.012,22.77,18.939,15.088,21.976,23.632,24.443,18.86,112.95,22.331,21.147,19.865,24.454,22.435,21.92,21.794,19.558,16.442,21.391,24.401,104.28,21.866,18.839,24.469,16.648,25.427,25.415,20.339,12.371,21.807,22.379,17.752,22.799,122.97,118.63,115.18,22.647,13.369,23.584,138.74,19.406,22.852,16.729,20.336,20.034,19.821,111.72,111.98,18.338,23.291,19.391,103.27,109.76,20.155,108.99,26.639,25.4,136.38,121.84,23.189,16.896,101.98,17.857,19.259,16.992,16.093,20.369,17.399,126.47,21.446,142.71,103.13,23.569,22.712,118.44,27.8,19.281,19.031,20.619,137.67,17.891,18.982,18.926,101.5,22.259,113.09,20.628,18.496,20.783,108.37,19.991,134.04,127.19,107.89,19.824,127.44,23.011,112.82,18.554,23.926,22.389,12.799,18.79,97.412,120.17,135.58,18.64,15.938,100.06,17.88,124.67,30.175,17.507,21.596,19.744,23.152,21.001,20.697,98.412,21.451,18.863,104.39,17.22,20.413,20.535,18.88,22.54,20.013
2.2204e-18,2.2204e-18,2.2204e-18,2.2204e-18,830,889,2.2204e-18,2.2204e-18,2.2204e-18,2.2204e-18,849,2.2204e-18,840,874,2.2204e-18,437,2.2204e-18,2.2204e-18,2.2204e-18,1267,2.2204e-18,2.2204e-18,1261,2.2204e-18,2.2204e-18,1275,2.2204e-18,2.2204e-18,2.2204e-18,2.2204e-18,2.2204e-18,2.2204e-18,2.2204e-18,2.2204e-18,1279,2.2204e-18,2.2204e-18,1319,2.2204e-18,2.2204e-18,2.2204e-18,2.2204e-18,567,2.2204e-18,2.2204e-18,2.2204e-18,2.2204e-18,2.2204e-18,2.2204e-18,2.2204e-18,2.2204e-18,2.2204e-18,2.2204e-18,2.2204e-18,2.2204e-18,2.2204e-18,857,2.2204e-18,2.2204e-18,2.2204e-18,2.2204e-18,2.2204e-18,2.2204e-18,2.2204e-18,2.2204e-18,2.2204e-18,2.2204e-18,2.2204e-18,1331,548,2.2204e-18,2.2204e-18,2.2204e-18,2.2204e-18,2.2204e-18,2.2204e-18,565,2.2204e-18,1283,2.2204e-18,2.2204e-18,2.2204e-18,2.2204e-18,570,2.2204e-18,2.2204e-18,2.2204e-18,2.2204e-18,2.2204e-18,2.2204e-18,2.2204e-18,2.2204e-18,2.2204e-18,2.2204e-18,492,2.2204e-18,2.2204e-18,2.2204e-18,2.2204e-18,2.2204e-18,2.2204e-18,2.2204e-18,2.2204e-18,2.2204e-18,2.2204e-18,2.2204e-18,1282,2.2204e-18,2.2204e-18,506,2.2204e-18,2.2204e-18,2.2204e-18,2.2204e-18,2.2204e-18,2.2204e-18,2.2204e-18,2.2204e-18,2.2204e-18,2.2204e-18,2.2204e-18,1331,838,2.2204e-18,2.2204e-18,2.2204e-18,2.2204e-18,1283,2.2204e-18,2.2204e-18,877,2.2204e-18,1324,2.2204e-18,2.2204e-18,889,2.2204e-18,2.2204e-18,2.2204e-18,2.2204e-18,2.2204e-18,2.2204e-18,2.2204e-18,435,2.2204e-18,1355,863,2.2204e-18,1354,2.2204e-18,2.2204e-18,2.2204e-18,2.2204e-18,2.2204e-18,2.2204e-18,2.2204e-18,2.2204e-18,2.2204e-18,1342,2.2204e-18,2.2204e-18,2.2204e-18,2.2204e-18,2.2204e-18,2.2204e-18,2.2204e-18,2.2204e-18,2.2204e-18,2.2204e-18,2.2204e-18,1291,2.2204e-18,2.2204e-18,2.2204e-18,2.2204e-18,2.2204e-18,2.2204e-18,2.2204e-18,2.2204e-18,2.2204e-18,2.2204e-18,2.2204e-18,2.2204e-18,509,564,1304,2.2204e-18,2.2204e-18,2.2204e-18,460,2.2204e-18,2.2204e-18,2.2204e-18,2.2204e-18,2.2204e-18,2.2204e-18,1323,1339,2.2204e-18,2.2204e-18,2.2204e-18,846,857,2.2204e-18,1285,2.2204e-18,2.2204e-18,397,1300,2.2204e-18,2.2204e-18,846,2.2204e-18,2.2204e-18,2.2204e-18,2.2204e-18,2.2204e-18,2.2204e-18,497,2.2204e-18,431,1262,2.2204e-18,2.2204e-18,597,2.2204e-18,2.2204e-18,2.2204e-18,2.2204e-18,412,2.2204e-18,2.2204e-18,2.2204e-18,870,2.2204e-18,603,2.2204e-18,2.2204e-18,2.2204e-18,1300,2.2204e-18,940,1300,1297,2.2204e-18,456,2.2204e-18,609,2.2204e-18,2.2204e-18,2.2204e-18,2.2204e-18,2.2204e-18,841,1312,462,2.2204e-18,2.2204e-18,829,2.2204e-18,1309,2.2204e-18,2.2204e-18,2.2204e-18,2.2204e-18,2.2204e-18,2.2204e-18,2.2204e-18,847,2.2204e-18,2.2204e-18,844,2.2204e-18,2.2204e-18,2.2204e-18,2.2204e-18,2.2204e-18,2.2204e-18
13.348,12.07,10.341,16.356,0.43244,0.14709,7.2778,9.6806,6.7806,8.6602,0.28187,7.9164,0.45451,-0.087314,11.216,0.05241,9.6835,6.6925,12.168,2.0231,11.213,11.863,0.97681,10.224,14.553,0.31747,12.417,8.3209,10.713,12.249,7.8726,9.8463,6.8456,8.8495,0.20402,11.695,9.1652,0.12451,10.727,10.095,8.2795,12.166,-0.64512,11.669,10.714,11.293,10.862,14.562,11.487,9.8969,11.515,11.668,10.076,9.487,10.143,6.8016,0.41508,11.078,7.5836,9.7713,8.2321,10.918,10.915,6.9619,9.4154,15.781,10.529,13.997,0.57535,-0.46239,10.407,15.34,7.7011,9.9013,11.349,8.2167,-0.60185,7.7093,1.2929,10.583,9.2154,11.031,9.3417,-0.56808,10.103,9.6106,8.5597,15.473,8.9027,13.129,9.9631,8.7635,10.16,12.665,-0.24878,10.166,8.8584,9.2523,7.7078,10.026,11.99,13.194,8.7276,12.033,7.2845,9.8795,0.12256,8.0725,10.564,-0.25513,7.5769,11.58,7.7241,16.759,16.142,15.493,9.3477,14.638,10.535,9.2337,9.8579,1.0124,0.32468,11.638,11.238,6.9219,9.0391,0.53119,13.129,11.759,0.11724,9.6968,-0.18046,10.014,9.4735,-0.071876,8.5254,10.837,9.0608,10.13,9.4481,12.146,19.601,0.057471,7.6391,0.41801,0.42705,8.5616,0.4119,17.282,8.3475,8.6579,11.763,14.544,11.86,8.841,8.1633,10.424,0.073444,9.336,9.5921,10.396,7.9935,9.2885,9.3366,9.5239,11.74,11.639,9.5922,7.91,-0.2033,9.4359,11.826,8.0061,14.308,7.7817,8.3009,10.139,15.077,9.436,8.6824,11.09,8.9316,-0.29231,-0.52665,0.22085,10.204,14.88,8.355,-0.0010592,10.429,8.4936,13.821,10.275,9.9643,11.725,0.18287,0.32419,12.708,8.7185,12.388,0.40372,-0.064987,10.66,0.1554,7.3176,7.9055,0.26897,0.7764,8.9291,12.995,0.44543,11.947,11.151,13.572,12.748,10.161,15.343,-0.23616,9.9588,0.12502,-0.081211,8.8881,8.7714,-0.65639,7.2079,11.339,10.559,9.4125,0.13992,12.825,10.945,10.504,-0.024975,9.4076,-0.73146,10.353,13.236,10.835,0.30291,11.357,-0.18783,2.312,0.22609,10.532,-0.13181,8.6745,-0.75539,11.938,8.4055,9.2998,17.241,11.288,0.39922,0.84472,-0.042984,11.628,11.66,0.28551,13.487,1.3,6.5284,12.498,9.6143,11.832,8.7717,9.8088,11.026,0.38108,10.515,12.345,0.40584,12.823,11.753,10.341,12.252,10.738,11.781
182.43,149.72,109.83,269.58,2.0742,2.0309,54.857,96.361,47.414,77.545,1.9777,64.71,2.0645,1.9916,128.45,1.7153,96.864,46.311,152.32,32.613,130.31,144.6,12.235,106.68,216.29,7.5044,157.43,70.679,117.02,155.45,63.517,98.439,48.299,80.144,6.0752,140.53,85.616,4.0722,118.71,104.8,70.218,151.73,2.3922,140.22,119.37,131.95,120.9,216.43,133.91,101.2,134.9,137.89,104.37,92.202,104.61,47.777,2.0044,125.91,58.974,97.997,69.576,122.76,122.71,50.149,90.239,251.79,113.48,200.71,6.1906,2.0312,111.95,237.27,60.939,101.21,131.4,70.029,2.2613,61.016,13.897,113.61,87.28,124.51,89.647,2.2173,105.63,95.321,75.093,242.12,81.013,176.61,101.54,79.211,105.03,167.17,1.8487,106.13,79.986,87.417,60.972,103.55,147.17,177.88,77.651,147.7,54.547,100.29,4.7517,67.055,113.22,1.8762,59.024,138.04,61.6,282.87,262.92,242.23,90.521,216.28,113.18,87.112,100.54,12.503,2.0146,138.27,130.68,49.503,83.303,8.0638,177.97,141.58,1.9773,96.999,2.6588,102.17,92.138,2.0035,74.409,120.47,83.659,107.03,92.23,151.21,386.25,1.7591,60.023,6.5823,1.9703,75.438,7.1803,305.9,71.948,76.561,142.74,215.57,145.71,80.991,68.397,110.41,3.5508,88.917,93.825,110.01,65.502,89.054,89.513,93.934,141.12,137.22,93.763,63.985,3.3716,91.82,142.62,65.687,209.42,62.327,71.925,104.95,229.14,91.769,76.972,124.73,81.653,1.9147,2.149,6.0357,108.06,223.36,71.658,1.7594,110.56,73.884,194.12,108.94,100.99,141.37,5.4069,5.8184,166.2,78.229,156.99,2.0145,1.9627,116.93,6.38,55.156,64,1.8026,11.534,81.749,172.93,2.0441,144.78,128.33,189.35,164.49,105.67,241.63,1.8499,101.33,1.703,2.6867,81.441,78.553,2.3188,53.521,132.24,113.54,90.28,1.7287,168.62,122.4,111.92,2.0236,90.777,2.4974,110.44,179.46,121.15,8.1321,132.88,1.902,27.435,4.1586,113.81,1.7362,77.921,2.5359,146.36,72.431,89.28,299.88,131.23,2.0141,13.894,1.7635,137.63,137.63,2.0025,187.27,12.98,44.323,159.49,95.332,144.09,78.605,98.378,125.07,2.0307,114.01,155.66,2.0293,168.73,142.38,109.67,154.57,120.14,141.41
1271,1305.1,1286.1,927.67,544.43,2.8099,489.03,1308.4,1358.2,492.5,2.5558,1393.3,1.827,1.4039,857.54,4.3109,1198.4,1354.8,1271.3,1.693,567.53,1267,1.3519,864.41,537.23,1.4391,1238.9,937.1,1262,611.99,459.83,1354.1,460.15,466.5,1.8404,549.01,910.93,2.2961,860.75,848.04,1322.5,1271.3,0.8375,537.69,592.65,1262.3,863.98,593.83,1291.9,1302.3,859.63,910.72,508.15,1281.8,878.35,1366.9,1.4991,1260,456.83,493.14,869.43,1266.7,526.24,481.48,1391.9,886.97,861.16,1275.5,902.64,2.1944,1273.1,937.62,900.84,1280.6,854.91,519.28,1.3659,929.31,1.7803,397.28,1295.7,847.73,502,1.5569,533.13,524.96,874,1260.6,1302.5,575.43,471.97,499.75,458.72,1252.2,2.8135,1283.4,1352.8,1277.5,1340.6,1286.5,1281.3,845.57,1326.6,847.85,1325.6,1281.9,1.3314,865.67,913.31,2.7172,896.63,847.57,1315.9,1369.2,1298.4,1332,554.26,1452.9,1324.6,1302.2,1270.8,2.0634,1.6444,1300.8,1300.2,470.75,1318.9,1.9285,892.34,855.33,2.2153,1285.7,2.3142,893.9,1319.4,1.2274,469.84,1296.5,1350.1,1277,1303.6,843.62,430.54,1.5374,891.08,1.6511,1.8374,1316.2,2.8475,856.16,875.13,1362.5,1282.5,851.14,1284.8,1255.7,1370.9,1356,2.482,476.04,878.52,1266,941.19,510.04,859.07,862.1,858.47,1365,1320.7,934.93,1.5852,504.07,1309.8,879.11,1279.9,1260.3,1279.3,1327.8,1317.4,873.36,1353.2,901.28,1303.2,2.6198,1310.4,1.3898,873.37,879.14,1337,1386.9,1345.5,867.56,1294.7,512.21,1364.8,1280.4,1.3415,2.1616,1270.6,1304.9,1248.8,1.3678,0.59088,524.39,1.1285,463.48,1361.8,0.82813,1.7826,901.96,836.94,1.5625,855.33,525.04,1235.3,1358.2,1277,1284.6,2.147,498.24,1.3232,1.8055,868.56,873.26,1.8859,919.67,1242,1396.6,1312.6,1367.8,1260.2,1295.9,1392.6,2.4018,1287,1.3458,1263.3,1263.9,1297.3,2.2316,845.64,0.60237,2.2139,2.8711,843.34,1.6193,496.79,1.2984,1277.1,917.79,1281.3,1241.4,1282.7,1.7056,1.7118,2.9944,873.4,925.38,1.6395,585.03,1.7697,884.66,1266.3,1296.5,869.48,882.99,1267.4,1284.4,1.5147,868.12,1307.2,2.0802,1217,584.26,1288.1,560.72,896.97,851.03
13072,12353,13307,15496,13599,560.19,15092,13751,19232,15633,527.91,18536,413.22,255.38,12052,815.29,10845,16478,11874,416.54,13046,11927,302.89,11701,12976,326.54,10202,16507,10613,12491,18688,16536,17826,15851,423.49,13745,16246,467.95,10061,11183,14085,11427,191.87,13619,13360,11109,11266,12460,13800,13873,11474,15095,14940,13849,14925,16385,368.51,11316,18574,15907,11542,9942.8,14133,17615,17797,11415,12354,10488,16159,453.71,12160,16603,11712,11628,11448,14834,319.63,15516,357.05,18082,13992,10377,15318,343.21,14653,14920,12228,11181,13747,13588,16415,14981,16793,8803.3,578.59,12884,17660,12287,14866,12457,12376,9515.5,13496,10168,13714,13064,311.34,12389,14378,545.59,11977,9917.3,12375,17937,14026,18404,14847,19148,14717,15518,13078,389.68,355.38,13976,13127,18607,13910,411.32,8771.5,10386,451.54,11257,456.43,13093,14022,241.29,17084,12861,16406,10665,15617,9640.4,16937,302.56,13827,338.93,434.19,13059,539.71,8081.2,12665,14744,12580,10362,9814.2,11239,19667,16409,501.33,16535,12338,12622,15686,15633,12133,10788,10900,17320,12684,18280,337.72,15984,15136,13474,15701,11417,12835,13063,14770,11453,13570,15782,11744,527.45,14887,311.36,9606.8,14339,13603,19637,15327,12284,16432,14304,16981,13587,254.27,436.24,13483,12830,9896.6,322.66,118.71,14394,262.5,16797,14352,157.36,387.9,11560,10075,374.79,11517,13896,11827,15593,12376,11675,443.85,15553,266.72,363.29,11417,13497,437.34,14707,10374,16760,13365,17363,12448,12315,18004,487.33,13131,320.83,11042,10896,12643,497.35,9457.2,117.36,471.58,578.85,11448,323.76,15207,307.03,12301,13367,13744,10831,12923,394.56,377.69,606.43,10427,17435,354.33,12514,322.76,11799,12088,14485,9854.3,12453,14988,13130,351.77,11029,15431,451.31,9016,13312,11354,13453,10367,10165
114.33,111.14,115.36,124.48,116.62,23.668,122.85,117.26,138.68,125.03,22.976,136.15,20.328,15.98,109.78,28.553,104.14,128.37,108.97,20.409,114.22,109.21,17.404,108.17,113.91,18.07,101.01,128.48,103.02,111.76,136.71,128.59,133.51,125.9,20.579,117.24,127.46,21.632,100.3,105.75,118.68,106.9,13.852,116.7,115.59,105.4,106.14,111.62,117.47,117.78,107.12,122.86,122.23,117.68,122.17,128,19.197,106.37,136.29,126.12,107.43,99.714,118.88,132.72,133.4,106.84,111.15,102.41,127.12,21.3,110.27,128.85,108.22,107.83,107,121.8,17.878,124.56,18.896,134.47,118.29,101.87,123.77,18.526,121.05,122.15,110.58,105.74,117.25,116.57,128.12,122.4,129.59,93.826,24.054,113.51,132.89,110.85,121.93,111.61,111.25,97.547,116.17,100.84,117.11,114.3,17.645,111.31,119.91,23.358,109.44,99.586,111.24,133.93,118.43,135.66,121.85,138.38,121.31,124.57,114.36,19.74,18.852,118.22,114.58,136.41,117.94,20.281,93.656,101.91,21.25,106.1,21.364,114.43,118.41,15.533,130.71,113.41,128.09,103.27,124.97,98.186,130.14,17.394,117.59,18.41,20.837,114.28,23.232,89.896,112.54,121.42,112.16,101.79,99.067,106.02,140.24,128.1,22.39,128.59,111.08,112.35,125.24,125.03,110.15,103.87,104.4,131.6,112.62,135.2,18.377,126.43,123.03,116.08,125.3,106.85,113.29,114.29,121.53,107.02,116.49,125.63,108.37,22.966,122.01,17.645,98.014,119.74,116.63,140.13,123.8,110.83,128.19,119.6,130.31,116.57,15.946,20.886,116.12,113.27,99.482,17.963,10.896,119.97,16.202,129.6,119.8,12.544,19.695,107.52,100.38,19.359,107.32,117.88,108.75,124.87,111.25,108.05,21.068,124.71,16.331,19.06,106.85,116.18,20.913,121.27,101.85,129.46,115.61,131.77,111.57,110.98,134.18,22.075,114.59,17.912,105.08,104.39,112.44,22.301,97.248,10.833,21.716,24.059,106.99,17.993,123.32,17.522,110.91,115.62,117.24,104.07,113.68,19.864,19.434,24.626,102.11,132.04,18.824,111.86,17.966,108.62,109.94,120.35,99.269,111.59,122.43,114.59,18.755,105.02,124.22,21.244,94.953,115.38,106.56,115.99,101.82,100.82
1282,1321,1301,938,571,2.2204e-18,502,1320,1367,506,2.2204e-18,1412,2.2204e-18,2.2204e-18,838,2.2204e-18,1197,1364,1286,2.2204e-18,597,1279,2.2204e-18,859,559,2.2204e-18,1253,947,1280,646,463,1361,461,477,2.2204e-18,576,910,2.2204e-18,843,833,1328,1285,2.2204e-18,564,629,1276,849,624,1298,1317,856,916,526,1294,879,1377,2.2204e-18,1279,458,505,869,1283,552,491,1408,895,844,1287,916,2.2204e-18,1288,953,907,1295,842,538,2.2204e-18,933,2.2204e-18,390,1307,830,519,2.2204e-18,558,546,869,1276,1312,606,483,517,469,1271,2.2204e-18,1297,1365,1286,1351,1302,1293,831,1337,830,1330,1297,2.2204e-18,858,922,2.2204e-18,894,833,1331,1375,1311,1326,583,1465,1336,1312,1281,2.2204e-18,2.2204e-18,1313,1317,474,1332,2.2204e-18,876,850,2.2204e-18,1301,2.2204e-18,899,1328,2.2204e-18,478,1314,1349,1291,1321,828,427,2.2204e-18,888,2.2204e-18,2.2204e-18,1331,2.2204e-18,841,865,1375,1297,843,1297,1270,1369,1364,2.2204e-18,485,878,1273,950,529,847,852,841,1360,1331,934,2.2204e-18,519,1327,877,1290,1269,1295,1333,1322,866,1367,898,1320,2.2204e-18,1328,2.2204e-18,857,882,1353,1387,1354,869,1310,532,1371,1295,2.2204e-18,2.2204e-18,1283,1320,1262,2.2204e-18,2.2204e-18,547,2.2204e-18,473,1373,2.2204e-18,2.2204e-18,902,823,2.2204e-18,850,546,1246,1367,1292,1295,2.2204e-18,513,2.2204e-18,2.2204e-18,860,869,2.2204e-18,916,1258,1407,1326,1376,1274,1311,1406,2.2204e-18,1298,2.2204e-18,1280,1277,1316,2.2204e-18,829,2.2204e-18,2.2204e-18,2.2204e-18,828,2.2204e-18,513,2.2204e-18,1295,923,1296,1256,1305,2.2204e-18,2.2204e-18,2.2204e-18,871,931,2.2204e-18,617,2.2204e-18,882,1280,1311,854,884,1270,1301,2.2204e-18,851,1321,2.2204e-18,1231,614,1307,593,878,835
0.43929,0.46869,0.78609,-0.21427,-0.60539,8.4363,-0.27506,0.5646,2.1872,-0.26461,9.1445,0.04925,11.322,11.361,0.43135,6.5388,1.1494,2.5847,0.75066,12.333,-0.70556,-0.036584,13.012,0.12523,-0.53981,12.769,0.31718,-0.17259,-0.31911,-0.91005,-0.01273,0.51739,-0.012245,-0.19637,11.458,-0.60914,0.0048415,9.422,0.43443,0.35095,0.17007,-0.085724,16.807,-0.57936,-0.84117,0.6997,0.34591,-0.8117,0.93958,0.36565,0.056811,-0.093258,-0.37288,1.2482,-0.028499,0.71995,12.996,0.10129,0.00054529,-0.23211,0.019742,-0.16643,-0.5152,-0.14488,0.18197,-0.23489,0.39226,0.11264,-0.27766,9.8928,0.83879,-0.26452,-0.17172,0.074664,0.2965,-0.40003,13.162,-0.061861,10.6,0.15234,0.70659,0.42717,-0.335,12.149,-0.49152,-0.44848,0.11696,-0.18202,0.46986,-0.69934,-0.18818,-0.34897,-0.14649,-0.17514,8.5259,0.71208,1.4158,0.44644,0.31389,0.9476,0.28867,0.37131,0.24073,0.46303,0.58372,1.3662,13.554,0.16054,-0.18499,8.6469,0.052115,0.36563,0.062794,0.51882,-0.0011564,0.67886,-0.59386,0.50895,-0.014408,1.0819,1.4472,9.5215,11.692,-0.10076,0.54305,-0.036411,0.57823,10.729,0.39392,0.12589,9.6237,-0.24706,9.2388,-0.12449,0.9693,12.649,-0.13035,-0.21325,0.75847,0.44563,1.1549,0.40381,0.071104,11.304,0.073304,11.149,11.678,0.13448,8.1056,0.40797,0.23026,0.26718,0.14177,0.20729,0.45114,0.48483,1.781,0.73826,9.0031,-0.15285,0.006165,0.312,-0.17081,-0.36411,0.29486,0.22226,0.41632,0.30303,0.017958,0.016683,11.797,-0.29518,0.42624,0.028674,1.5504,0.95759,1.3238,0.26142,0.56626,0.17094,0.29783,0.044985,0.13251,8.8258,0.38132,12.847,0.38523,-0.05905,0.19088,1.7363,0.22128,-0.045487,1.1604,-0.4161,0.77718,0.96703,11.87,9.6359,1.5684,0.61657,-0.016988,13.266,18.469,-0.45052,14.442,-0.14352,0.26353,15.165,11.164,-0.021001,0.35221,12.498,0.12909,-0.48357,1.688,0.025406,0.12554,1.3863,9.836,-0.29592,12.312,10.731,0.19512,0.094469,11.26,0.062694,0.38622,0.074931,0.56369,0.85724,0.46851,-0.072783,0.64616,9.2015,0.25028,13.502,0.14588,0.049308,-0.032202,10.226,0.39513,17.988,9.8328,8.3369,0.35009,11.103,-0.33235,13.771,-0.13732,-0.1154,1.1309,-0.047728,-0.18793,11.835,11.534,8.167,0.06002,-0.13108,11.58,-0.82081,10.112,0.063076,0.32765,0.095154,0.38779,-0.022539,1.309,1.2179,12.551,0.37147,1.5052,10.425,-0.0021932,-0.73798,-0.028829,-0.69532,0.42942,0.3929
6.3548,9.1072,14.557,1.9963,2.2411,73.216,1.9154,9.1772,19.668,1.8724,86.871,4.0163,132.07,130.75,2.0901,44.172,11.626,40.058,12.246,157.03,2.4286,2.8896,172.77,2.0019,2.2023,167.34,7.1191,1.9553,2.2608,2.8624,1.7723,6.4456,1.8247,1.808,135.84,2.251,2.0794,90.706,2.052,2.0532,3.2213,3.0042,288.08,2.1894,2.6207,11.009,2.0514,2.6819,11.587,8.2348,1.9491,1.9294,1.9627,16.79,1.9306,8.0907,172.98,5.7161,1.7747,1.8619,1.9174,3.026,2.0748,1.8105,4.4753,2.0855,2.046,5.7751,2.0641,101.41,13.571,1.911,1.9985,5.4991,2.0312,2.0067,176.04,1.9239,114.15,1.6941,9.8221,2.0649,1.9071,152.05,2.0608,2.0373,2.0345,2.6443,6.4811,2.404,1.7927,1.938,1.774,3.6968,74.44,10.624,14.727,6.6935,4.5828,14.105,6.2429,2.0444,5.1041,2.1395,6.8972,22.305,189.15,1.9596,2.0085,77.095,1.9847,2.0075,4.3977,6.1175,3.3102,5.8533,2.1881,6.6793,3.1068,13.06,21.789,92.18,140.89,2.2545,9.4244,1.7893,11.678,119.06,1.9437,1.9464,94.847,2.2185,87.346,1.9841,18.779,161.83,1.7903,2.5239,7.1294,9.6433,17.642,2.0598,1.734,129.6,1.9892,126.2,141.54,4.8915,67.221,2.0195,2.0397,5.6507,6.0238,1.9578,8.5147,7.8196,19.318,10.233,82.829,1.8498,1.9791,4.4055,1.9754,1.9234,2.0679,1.951,2.0534,2.5304,2.6913,1.988,143.24,1.8568,8.3992,1.9427,21.782,11.613,19.319,4.1749,6.348,2.0005,6.2649,1.972,5.8605,80.302,7.8766,168.63,1.9737,1.9195,5.3047,20.414,4.2276,1.9281,19.28,2.0007,9.2686,13.813,142.62,94.538,22.051,10.053,3.8633,179.5,343.51,2.0261,211.62,1.7817,5.405,232.1,127.71,1.9925,2.0314,159.39,1.9572,2.1071,24.177,2.3118,4.7335,17.992,98.881,1.9292,153.16,118.71,1.9213,1.9919,130.35,2.0027,9.9372,3.3073,8.326,9.006,9.3099,3.4045,7.6654,86.691,5.0532,186.49,5.8561,4.0181,4.3099,108.6,1.9927,325.56,98.831,71.104,2.0563,125.1,1.9182,194.72,3.0292,1.9394,14.072,3.5215,2.6399,143.9,136.77,68.195,1.9892,2.004,137.07,2.6459,103.8,1.9532,7.4039,4.062,2.0375,1.9682,13.234,22.506,161.33,1.9857,23.029,112.53,4.5542,2.5092,5.4049,2.3506,1.9792,2.0341
574.8,590.9,857.9,1347.5,1.8145,1359,866.51,504.24,444.05,1330.8,1275.6,499.85,562.96,1311.2,1327,914.27,863.11,464.16,538.47,619.26,1275.4,547.08,528.74,476.1,1291.9,555.39,843.86,441.56,836.02,880.17,1374.3,431.74,1382.4,855.81,867.87,853.55,1400.4,473.02,1286.6,513.3,902.88,555.26,1214.8,1291.8,1267.4,568.42,1307.9,1251.8,889.76,510.65,470.78,449.71,858.52,486.1,424.27,475.45,595.63,549.47,1374.8,1309.7,479.02,866.77,1248.3,1358.2,415.91,1253.6,523.09,883.45,0.72262,858.77,570.3,435.35,465.53,861.58,503.15,1308,844.37,465.08,867.64,1297.5,477.67,1282.1,1311,1273.8,858.98,1329.9,1309.5,833.39,452.97,1285.2,1277.6,1275.4,871.38,590.34,1283.6,857.88,888.07,465.8,895.59,510.44,531.93,540.97,428.07,544.44,468.39,485.26,582.36,478.35,438.02,874.99,1311.5,1258.5,877.86,379.07,862.96,898.67,1308.6,390.48,483.77,863.33,868.23,416.04,536.99,544.52,872.23,933.42,440.01,541.49,623.92,1246.9,486.07,522.51,866.43,447.48,888.55,431.77,890.48,522.67,926.26,884.14,527.39,544.69,883.53,1350.2,1338.9,459.21,1286.9,874.83,428.67,1232.2,1334.2,447.42,542.63,512.76,645.16,846.53,464.32,438.86,904.86,1293.6,1290,470.27,449.3,866.26,490.97,516.25,1298,422.5,908.25,1442.6,531.44,869.97,850.03,454.21,563.98,865.92,543.27,477.34,892.81,1298.2,439.76,436.94,878.15,1282.3,1.8464,530.7,1274.7,431.42,894.79,2.9429,896.97,451.35,532.64,846.24,916.19,564.06,416.65,905.77,564.78,492.88,857.45,556.94,1246.9,1300.6,534.35,1310,459.33,930.11,524.56,489.15,1253.3,569.14,1268.2,848.97,556.41,913.55,853.28,907.48,873.69,878.71,943.43,855.71,513.04,1320,871.43,1382.4,841.63,454.51,867.91,913.36,843.41,872,440.11,479.26,496.15,1290.6,522.87,583.68,855.73,571.71,1247.9,416.73,912.3,462.69,500.81,1269.5,1282.4,1286.9,834.96,1318.6,854.5,830.27,516.25,567.27,541.04,1331.4,499.07,408.59,1247.3,1243.5,891.42,1295.2,845.64,850.03,1286.3,466.68,483.18,552.57,561.96,550.22,547.25,1297.8,531.11,1288.2,859.05,847.44,609.3,1272.4
12934,13529,11223,17606,399.05,17134,10724,15799,18706,14292,11043,15922,13178,13719,15580,15646,8828.2,17592,13393,12006,12763,13525,13907,15728,14011,12582,9734.9,19363,10861,8844.9,15137,19441,14362,12121,9299.8,10376,18282,16215,11744,14216,13095,13862,9230.5,13833,11363,13400,14382,10328,11976,15198,15216,17851,10606,15592,17395,18260,13141,13637,15686,13475,16085,9910.5,11264,15305,19117,11893,14933,9379.8,126.44,10986,14436,18818,18050,10698,15014,13104,9943.1,17621,13033,12223,15611,12741,14497,13077,11039,15921,14669,10935,16985,15104,11817,12879,12114,12241,11346,11335,16084,16371,14452,14375,14393,13359,17650,13633,17827,15279,12263,16126,18882,12336,13517,11325,12934,19012,11788,15453,13425,19575,15922,12589,10182,19868,13765,14600,10427,14557,17570,13478,12126,10038,15898,14926,12800,17565,12483,17469,12966,14347,14750,9117.5,14445,13431,13470,14148,13306,16598,11618,12159,18550,9567.8,14131,17905,13549,13704,11972,9869.7,18770,18810,14641,13020,13273,15449,19256,11591,15118,14888,12466,19126,12437,19136,13194,12316,11571,17049,12518,11439,15479,17294,14931,13127,18471,18252,12791,13172,401.35,14033,10056,17542,13739,601.7,14916,16551,13619,10452,15444,13647,17448,14346,12719,16045,9127.1,13674,11196,14165,13258,11497,18371,16334,14088,17570,10673,13063,12473,9833.8,13121,14821,11149,9167.2,11997,10147,17591,10184,15606,14988,10799,15643,9438.7,17441,13763,17370,10006,11649,18346,15985,15968,12949,14299,12791,10639,14384,11434,18412,11653,17451,13837,12987,11271,13702,10166,13226,11088,10784,14540,13115,13949,15735,15004,18788,11333,9575.3,15000,14149,10116,11477,12069,16687,16079,14238,13556,14426,14376,14062,13304,12445,11201,9302.9,13043,12862
113.73,116.31,105.94,132.69,19.976,130.9,103.56,125.69,136.77,119.55,105.09,126.18,114.8,117.13,124.82,125.08,93.958,132.64,115.73,109.57,112.97,116.3,117.93,125.41,118.37,112.17,98.666,139.15,104.22,94.047,123.03,139.43,119.84,110.09,96.436,101.86,135.21,127.34,108.37,119.23,114.43,117.74,96.075,117.61,106.6,115.76,119.92,101.63,109.43,123.28,123.35,133.61,102.98,124.87,131.89,135.13,114.63,116.78,125.24,116.08,126.83,99.551,106.13,123.71,138.27,109.06,122.2,96.849,11.244,104.82,120.15,137.18,134.35,103.43,122.53,114.47,99.715,132.74,114.16,110.56,124.94,112.87,120.4,114.36,105.06,126.18,121.11,104.57,130.33,122.9,108.7,113.49,110.06,110.64,106.52,106.47,126.82,127.95,120.21,119.9,119.97,115.58,132.85,116.76,133.52,123.61,110.74,126.99,137.41,111.07,116.26,106.42,113.73,137.88,108.57,124.31,115.87,139.91,126.18,112.2,100.91,140.96,117.33,120.83,102.11,120.65,132.55,116.09,110.12,100.19,126.09,122.17,113.14,132.53,111.73,132.17,113.87,119.78,121.45,95.486,120.19,115.89,116.06,118.95,115.35,128.83,107.79,110.27,136.2,97.815,118.87,133.81,116.4,117.06,109.42,99.346,137,137.15,121,114.11,115.21,124.3,138.77,107.66,122.95,122.02,111.65,138.3,111.52,138.33,114.86,110.98,107.57,130.57,111.88,106.96,124.42,131.51,122.19,114.57,135.91,135.1,113.1,114.77,20.034,118.46,100.28,132.45,117.21,24.53,122.13,128.65,116.7,102.24,124.28,116.82,132.09,119.77,112.78,126.67,95.536,116.94,105.81,119.02,115.14,107.22,135.54,127.81,118.69,132.55,103.31,114.29,111.68,99.165,114.55,121.74,105.59,95.745,109.53,100.73,132.63,100.92,124.93,122.43,103.92,125.07,97.153,132.07,117.31,131.8,100.03,107.93,135.45,126.43,126.36,113.8,119.58,113.1,103.14,119.93,106.93,135.69,107.95,132.1,117.63,113.96,106.16,117.06,100.83,115,105.3,103.85,120.58,114.52,118.11,125.44,122.49,137.07,106.46,97.854,122.48,118.95,100.58,107.13,109.86,129.18,126.8,119.32,116.43,120.11,119.9,118.58,115.34,111.56,105.83,96.452,114.21,113.41
604,621,849,1346,2.2204e-18,1370,863,521,449,1347,1293,513,591,1325,1342,916,863,467,562,652,1292,573,553,486,1309,583,837,438,827,863,1382,431,1398,851,853,836,1411,486,1302,533,904,582,1227,1311,1284,599,1320,1264,891,531,480,450,848,500,423,482,630,578,1384,1322,491,854,1265,1367,410,1255,545,867,2.2204e-18,845,601,427,471,852,520,1329,830,465,869,1311,489,1298,1329,1288,844,1345,1319,820,458,1297,1286,1290,871,621,1298,848,890,475,895,529,553,566,427,571,474,497,612,490,437,867,1320,1273,874,352,853,902,1323,361,495,856,857,415,561,572,852,935,444,565,656,1259,493,544,860,450,885,428,888,546,932,868,551,573,890,1366,1356,466,1303,866,429,1247,1353,449,568,529,677,834,465,438,906,1298,1297,480,446,854,504,536,1320,410,910,1458,553,859,832,462,591,865,569,479,901,1311,439,433,875,1293,2.2204e-18,551,1292,430,893,2.2204e-18,896,457,556,834,918,593,413,911,593,505,843,583,1256,1318,559,1328,464,939,546,499,1271,596,1282,838,586,915,844,892,868,878,955,850,533,1332,853,1392,829,453,865,921,826,866,437,491,513,1306,545,614,838,604,1259,400,915,470,517,1279,1298,1299,815,1322,844,821,538,597,567,1330,511,396,1262,1258,900,1302,834,835,1301,475,498,581,590,577,573,1315,555,1302,848,830,640,1287
-0.70495,-0.73958,0.20239,1.4261,11.197,0.71699,0.062138,-0.31287,-0.024666,0.054383,0.61606,-0.26419,-0.66669,0.67246,0.12115,-0.051585,-0.021331,-0.035508,-0.54571,-0.94521,0.84467,-0.60016,-0.5222,-0.19529,0.10617,-0.68799,0.17519,0.086273,0.23528,0.39836,0.10592,0.050392,0.2725,0.11168,0.37059,0.42998,0.31735,-0.21247,-0.12382,-0.43433,-0.049966,-0.60841,0.13255,0.0092443,0.28333,-0.71548,0.13266,0.8828,-0.049622,-0.39046,-0.19439,0.0096164,0.25804,-0.27469,0.053095,-0.10619,-0.82762,-0.64411,0.343,0.48633,-0.22526,0.29921,1.1694,0.30069,0.12745,0.64679,-0.42819,0.38773,15.572,0.32769,-0.67015,0.16004,-0.080369,0.24184,-0.35386,0.38033,0.3831,-0.0079622,-0.026472,0.21438,-0.21726,0.051436,0.74855,2.2478,0.36173,0.44329,0.21116,0.31348,-0.080176,1.5817,0.51906,1.2415,-0.011896,-0.82392,-0.10815,0.22425,-0.054798,-0.15938,0.014166,-0.40458,-0.47543,-0.58424,0.043756,-0.59616,-0.076233,-0.24864,-0.77942,-0.21495,0.050255,0.17944,0.59689,0.74331,0.084403,0.37562,0.22705,-0.062538,0.16116,0.43817,-0.22012,0.1519,0.25346,0.09319,-0.53995,-0.56198,0.45058,-0.052537,-0.044281,-0.5657,-0.94573,0.65234,-0.16955,-0.44228,0.12918,-0.022646,0.070425,0.0575,0.051882,-0.48338,-0.12858,0.38918,-0.49932,-0.633,-0.13282,0.16078,0.1758,-0.10477,0.38114,0.2053,0.030738,0.37751,-0.031466,-0.0093382,-0.5824,-0.37647,-1.0447,0.31537,0.009079,0.046394,-0.036524,0.337,0.69926,-0.19482,0.070224,0.27116,-0.27554,-0.3981,-0.16,0.20612,-0.073725,0.28781,-0.52302,0.26264,0.42083,-0.10342,-0.68991,0.014065,-0.49781,-0.047552,-0.17697,0.84684,0.033675,0.067408,0.065164,0.66031,11.05,-0.46395,0.43174,0.04633,0.035591,8.2754,0.021786,-0.092818,-0.53025,0.30255,-0.053559,-0.6567,0.078679,-0.088208,-0.69401,-0.23111,0.36486,-0.60407,0.13607,0.37629,-0.56651,0.036102,-0.039782,-0.20429,-0.47113,-0.18176,-0.17294,-0.6712,0.16083,0.28366,-0.68171,-0.040296,0.21902,0.35111,0.1123,0.0009498,-0.18996,0.14967,-0.3811,0.46105,0.39909,0.2213,0.31529,0.033833,0.054483,-0.12249,0.41185,0.13586,0.064469,-0.22185,-0.31505,-0.01604,-0.46913,-0.77563,0.43763,-0.68868,0.75202,0.25742,-0.064724,-0.1107,-0.37097,0.52353,-0.05075,1.144,0.49457,0.26346,0.26631,0.22423,-0.44608,-0.70914,-0.54816,0.61944,-0.27949,0.23162,0.51445,0.31911,-0.20421,1.2244,0.30474,0.35109,-0.0080711,-0.14678,-0.25484,-0.58906,-0.65285,-0.56415,-0.5457,0.58893,-0.5531,0.77644,0.26019,0.42915,-0.82274,0.9083
2.4465,2.5135,2.0254,15.857,129.13,10.425,1.969,1.8932,1.7155,4.3136,12.852,1.8866,2.3728,9.8795,4.7091,1.9758,1.9061,1.8113,2.1968,2.9955,16.385,2.2571,2.1227,1.8271,5.1009,2.4116,2.0442,1.7519,2.0458,1.9337,3.0358,1.6744,6.1802,1.9486,1.987,2.0676,5.2155,1.8127,3.1015,2.0356,2.0006,2.2594,5.9499,4.4099,6.8159,2.4184,4.635,13.806,2.0035,1.9408,1.8497,1.7639,2.0515,1.8545,1.7168,1.775,2.6406,2.2902,6.669,8.7582,1.8351,1.9513,14.703,4.795,1.6895,6.4403,1.9922,1.9292,244.54,2.027,2.3236,1.7504,1.7498,2.0177,1.9345,8.2074,2.0545,1.8363,1.9086,5.8866,1.8366,4.4723,13.22,42.797,2.03,8.6629,4.2776,1.9856,1.7529,22.708,7.6212,21.965,1.9736,2.689,2.6792,1.9891,2.0047,1.8119,1.9454,2.0057,2.0935,2.2323,1.7425,2.2363,1.8162,1.8514,2.6011,1.8181,1.7086,1.9945,8.7792,13.164,1.9802,1.7793,1.9925,1.8778,5.1712,1.9123,1.8499,1.9887,1.968,1.6207,2.1554,2.1513,2.02,1.9982,1.7185,2.2227,3.0094,10.742,1.8346,2.0186,2.0018,1.7522,2.0176,1.7315,2.0049,2.0533,1.9669,1.9833,2.0872,2.2798,1.9951,5.1539,5.9911,1.7887,7.4774,2.0161,1.7022,8.0879,4.0124,1.7588,2.2199,2.0072,3.2839,2.0273,1.7766,1.7006,1.8834,3.9997,9.1973,1.8379,1.7759,2.0059,1.895,1.9856,3.155,1.7913,2.0672,5.6663,2.169,2.0016,2.0987,1.7638,2.448,1.9413,2.0557,1.8234,2.0315,13.715,1.737,1.7272,1.9321,9.8419,125.93,2.0922,9.9413,1.6916,1.9717,69.948,1.9171,1.7538,2.1526,2.0248,1.9702,2.3279,1.7101,1.935,2.4286,1.8461,1.9776,2.2662,3.6849,7.8302,2.2029,4.9682,1.7726,2.0292,2.0708,1.7992,2.8929,2.4083,5.1666,2.0016,2.357,1.9757,2.0167,1.8718,1.9804,2.0137,1.9103,1.9849,1.9381,6.3542,1.9747,5.5771,2.0155,1.8075,1.9878,1.9097,2.0212,2.0017,1.7681,1.8412,1.8724,3.5282,2.0633,2.5802,2.08,2.3466,11.885,1.7878,1.9674,1.7701,2.0033,8.0877,4.165,19.801,2.1641,4.0826,1.9946,1.9639,1.9972,2.4379,2.1536,6.3352,1.9388,1.799,8.6636,8.7552,2.0025,13.008,2.0652,2.0532,3.7783,1.8038,1.8275,2.2023,2.3497,2.1831,2.1599,10.089,2.1946,12.732,2.0062,2.0579,2.7168,14.911
861.39,887.15,489.6,430.72,1279.4,479.2,1259,873.76,902.38,869.88,529.47,883.86,1294.8,399.51,525.06,1366.6,516.52,917.87,853.48,882.83,856.83,854.6,845.44,1286.8,845.05,840.67,491.8,1377.9,479.74,1259.9,930.21,907.49,924.19,1274.5,579.98,1285,424.88,866.84,567.13,1291.2,464.49,861.21,828.85,842.11,868.47,857.93,525.25,870.32,470.08,857.06,1259.4,1343.9,1282.1,856.49,1318,914.45,1274,846.58,925.49,879.05,1263,556.99,842.04,911.59,901.56,441.89,1328.9,607.24,377.98,1290.9,873.73,1344.7,1271.5,512.63,1293.8,867.02,1265.2,1372.8,448.64,874.93,861.02,545.73,860.08,856.55,1295.3,864.98,471.98,504.26,878.69,869.14,868.73,854.99,1275.6,865.26,866.79,499.51,405.29,874.94,457.1,851.68,863.83,1253.2,888.5,1286.2,920.7,856.84,859.56,1294.7,1328.4,1316.3,493.56,542.8,469.85,910.32,498.56,443.35,870.02,962.58,873.42,470.29,536,896.38,1260.9,859.67,582.1,1372.9,874.22,850.62,1272,499.51,1316.3,861.52,463.25,1295.4,475.11,1311.9,1324.3,845.74,458.1,601.98,854.03,1258.9,1293,901.66,463.39,879.64,602.55,493.42,894.36,592.04,490.84,903.65,847.93,1252.7,912.72,527.68,938.73,907.15,464.05,896.94,463.92,862.13,1371.5,1301.9,1317.5,1270.8,545.57,936.74,465.89,436.76,844.42,1319.1,521.71,1307.7,851.55,474.16,876.78,922.73,401.9,502.3,909,1369.1,475.16,864.85,857.92,861.82,584.74,1303.4,464.93,937.21,455.35,1263.2,847.21,1266.3,446.11,863.34,876.5,454.43,851.54,880.38,570.85,1293.5,434.44,853.68,839.66,874.61,920.71,1366.1,851.1,1297.9,521.42,1295.6,479.89,1251.5,845.5,454.31,491.12,635.22,1297.6,1257.7,1385.4,500.03,1281.7,454.68,1296.9,472.43,532,919.92,438.45,1.5864,548.35,487.51,918.84,1246.7,864.14,857.91,851.44,864.57,550.27,876.25,560.16,1373.6,500.94,893.1,1291.2,848.72,857.16,857.57,535.2,472.22,511.46,485.14,845.17,1263.6,853.55,915.38,1263.1,1392.5,515.33,855.08,402.03,494.91,513.8,508,568.12,1292.8,862.91,861.82,1273.6,1298.2,867.07,549.89,840.72,876.2,508.99,1255,1317.2,546.94
9293.8,10762,15149,18359,12342,16228,10777,11537,14870,12420,14751,14121,13971,17936,14297,16198,14384,14273,10244,8545.2,10021,10059,9486.4,11889,10831,9407.8,14251,21238,14372,10207,15978,16039,15472,13493,13748,14733,18783,12235,13586,12591,18251,9628.2,8624,10568,9331.5,9357.9,14838,8663.5,16868,11230,15879,15057,12010,11485,15754,14219,11984,9476,15502,11763,13771,14231,9883.7,13464,16953,17337,15196,12060,18895,12879,9837.8,17108,13390,15289,12852,12116,12377,13497,16593,14199,11697,13692,12213,10412,12240,11629,16524,13487,12693,9820.1,11741,10714,15038,9101,12009,14648,19149,11747,17578,11357,10455,10873,15327,13653,13234,11733,9404.8,13450,15230,13310,16445,13600,15864,17553,15602,16759,10859,20621,12186,15600,14854,15644,11399,10260,12714,16336,13626,10168,10159,13612,14367,10840,15452,11963,15988,12528,13830,11054,18335,13539,11647,11360,13746,15156,16957,13919,13177,15413,14894,11401,15923,15457,10406,12192,8857.9,13607,15696,14453,16581,12428,16399,11781,16969,12591,14500,11886,14161,16158,17402,19341,10253,15709,14372,13875,9662.6,15578,10732,13541,18259,14750,15307,18194,16565,11236,10929,10881,13100,15017,16934,16014,17285,15034,11182,11834,18302,10129,14528,17372,9700.7,12412,13117,13746,15950,11261,10350,12752,14793,16321,10841,17072,13214,15053,15346,9647.8,8941.1,17087,14495,11199,16312,10076,20402,14912,11315,16997,13179,17201,13837,16837,16753,303.61,13090,15315,16841,12289,11344,10159,10077,9217,13950,10404,12675,20093,16556,12989,13540,12114,11457,9593.8,12911,17613,15250,14121,10872,10237,10754,14233,11863,16681,13752,8488.8,18900,15619,14371,15388,14055,14276,10641,10345,11760,14779,11006,14326,8684.9,9966,14506,11489,12923,14378
96.404,103.74,123.08,135.49,111.1,127.39,103.81,107.41,121.94,111.45,121.45,118.83,118.2,133.93,119.57,127.27,119.93,119.47,101.21,92.44,100.1,100.29,97.398,109.04,104.07,96.994,119.38,145.73,119.88,101.03,126.4,126.65,124.39,116.16,117.25,121.38,137.05,110.61,116.56,112.21,135.09,98.123,92.866,102.8,96.6,96.736,121.81,93.078,129.88,105.97,126.01,122.71,109.59,107.17,125.51,119.24,109.47,97.345,124.51,108.46,117.35,119.29,99.417,116.03,130.2,131.67,123.27,109.82,137.46,113.49,99.186,130.8,115.72,123.65,113.37,110.07,111.25,116.18,128.81,119.16,108.15,117.01,110.51,102.04,110.63,107.84,128.55,116.13,112.66,99.096,108.36,103.51,122.63,95.399,109.58,121.03,138.38,108.38,132.58,106.57,102.25,104.27,123.8,116.85,115.04,108.32,96.979,115.97,123.41,115.37,128.24,116.62,125.95,132.49,124.91,129.46,104.21,143.6,110.39,124.9,121.88,125.08,106.77,101.29,112.76,127.81,116.73,100.84,100.79,116.67,119.86,104.11,124.31,109.37,126.45,111.93,117.6,105.14,135.41,116.36,107.92,106.58,117.24,123.11,130.22,117.98,114.79,124.15,122.04,106.77,126.19,124.33,102.01,110.42,94.117,116.65,125.29,120.22,128.77,111.48,128.06,108.54,130.26,112.21,120.42,109.02,119,127.12,131.92,139.07,101.25,125.33,119.88,117.79,98.299,124.81,103.59,116.37,135.13,121.45,123.72,134.88,128.71,106,104.54,104.31,114.46,122.54,130.13,126.55,131.47,122.61,105.75,108.78,135.29,100.64,120.53,131.8,98.492,111.41,114.53,117.24,126.29,106.12,101.74,112.92,121.63,127.76,104.12,130.66,114.95,122.69,123.88,98.223,94.557,130.72,120.39,105.82,127.72,100.38,142.83,122.12,106.37,130.37,114.8,131.15,117.63,129.76,129.43,17.424,114.41,123.75,129.77,110.86,106.51,100.79,100.39,96.005,118.11,102,112.58,141.75,128.67,113.97,116.36,110.06,107.04,97.948,113.63,132.71,123.49,118.83,104.27,101.18,103.7,119.3,108.92,129.15,117.27,92.134,137.48,124.97,119.88,124.05,118.55,119.48,103.16,101.71,108.44,121.57,104.91,119.69,93.193,99.83,120.44,107.19,113.68,119.91
845,868,502,421,1295,485,1270,864,904,858,553,867,1309,393,546,1375,535,920,839,866,838,841,833,1302,825,822,507,1378,495,1273,936,911,925,1285,614,1299,420,860,598,1309,472,848,816,822,851,842,547,856,477,844,1260,1353,1296,848,1329,912,1285,830,927,873,1266,587,830,909,901,441,1344,637,352,1305,859,1341,1269,532,1311,852,1275,1387,455,881,853,574,846,841,1313,848,482,523,878,852,866,846,1281,849,863,515,400,874,463,839,852,1272,892,1299,925,849,841,1312,1332,1333,505,570,478,922,515.5,441,853,975,865,482,559,902,1274,843,610,1377,871,835,1283,512,1330,850,470,1303,481,1324,1334,828,460,636,837,1276,1298,904,468,874,637,505,896,621,504,903,830,1263,898,550,945,909,469,900,471,859,1374,1319,1335,1286,572,946,469,435,830,1333,544,1316,832,485,866,928,390,515,913,1376,486,858,839,849,615,1307,469,941,458,1264,828,1281,446,846,880,455,833,876,602,1305,436,837,822,870,924,1368,837,1292,543,1305,493,1268,831,452,504,663,1299,1268,1374,517,1300,463,1316,480,558,919,443,2.2204e-18,577,498,920,1251,856,837,840,848,578,860,590,1379,509,898,1310,844,847,837,559,474,533,502,830,1280,836,921,1270,1405,537,839,395,507,534,529,599,1296,858,847,1290,1311,851,578,832,859,526,1269,1333,579
0.43011,0.39347,-0.2608,0.17731,0.12321,-0.12159,0.47339,0.22408,-0.017466,0.2663,-0.48271,0.36897,0.028443,0.13794,-0.45265,0.90521,-0.41478,-0.042242,0.34763,0.40378,0.4416,0.33892,0.33555,0.35554,0.45982,0.47684,-0.33085,2.175,-0.31085,1.0268,-0.089795,-0.080433,-0.018445,1.3701,-0.76954,1.3732,0.10561,0.15663,-0.70313,0.77382,-0.10149,0.35889,0.35045,0.4893,0.42024,0.40253,-0.44209,0.36735,-0.12867,0.32219,2.2416,1.0733,0.22285,0.19363,1.6777,0.037699,0.12509,0.41779,-0.045872,0.1551,1.7524,-0.6263,0.30781,0.047924,0.010105,0.020287,0.45015,-0.86045,0.36434,0.49142,0.3428,1.4499,0.84542,-0.38297,-0.10927,0.31192,0.30794,0.10031,-0.090383,-0.14455,0.18343,-0.6319,0.30468,0.35654,-0.15317,0.39816,-0.18382,-0.41888,0.0014741,0.4219,0.054117,0.22914,2.2209,0.38649,0.094448,-0.33081,0.12501,-0.002347,-0.074626,0.30564,0.28605,0.15666,-0.062197,0.10403,-0.12513,0.18899,0.4466,0.56458,0.68212,0.8656,-0.22546,-0.58821,-0.15087,-0.21164,-0.32468,0.057455,0.39716,-0.2197,0.20504,-0.20743,-0.47662,-0.12225,-0.020717,0.43793,-0.71206,0.53329,0.049739,0.39084,-0.0036486,-0.31585,1.1052,0.2772,-0.13662,0.0076872,-0.12295,0.48644,0.042848,0.42094,-0.010956,-0.82331,0.38622,0.79471,0.72869,-0.047845,-0.086886,0.12402,-0.84241,-0.25301,-0.054625,-0.83494,-0.24662,0.0091653,0.43355,0.68301,0.35172,-0.51447,-0.12482,-0.056905,-0.072706,-0.072535,-0.12095,0.051894,0.94596,-0.18249,0.45988,1.1176,-0.57243,-0.22289,-0.063704,0.0784,0.37723,0.67736,-0.46888,0.90302,0.48367,-0.21111,0.24937,-0.1174,0.21038,-0.29526,-0.074487,0.19362,-0.1919,0.16099,0.44968,0.31934,-0.76005,0.19864,-0.078654,-0.089436,-0.040511,2.4151,0.43601,0.15841,0.03093,0.39622,-0.081893,-0.015605,0.45371,0.10482,-0.72948,0.20739,-0.019101,0.39509,0.41898,0.093115,-0.06534,0.30407,0.35803,2.2388,-0.4992,0.73875,-0.26614,-0.026973,0.3638,0.024576,-0.29722,-0.95439,1.516,0.30587,0.43786,-0.34288,0.39705,-0.12517,0.86733,-0.10001,-0.55704,0.025871,-0.050128,10.945,-0.65769,-0.22538,-0.027675,1.0549,0.19065,0.49802,0.29147,0.40991,-0.60528,0.34361,-0.71533,1.8118,-0.18001,-0.10111,0.15792,0.088091,0.21648,0.51356,-0.58094,-0.044285,-0.41456,-0.34186,0.35779,-0.038937,0.42733,-0.11791,0.50622,0.32943,-0.47678,0.42703,0.15122,-0.25916,-0.43825,-0.39102,-0.67431,0.79368,0.11461,0.37474,0.82479,0.83319,0.38523,-0.60129,0.24451,0.40232,-0.37271,0.78878,0.93803,-0.63532
2.0645,1.9237,1.8648,1.7871,5.2133,1.8418,7.8306,2.0341,1.9974,2.0575,2.0598,2.1268,3.704,1.6666,2.0618,14.094,2.0458,1.9832,2.013,1.9409,2.0274,1.9946,2.0611,7.4851,2.0935,2.118,1.9431,16.737,1.907,17.295,1.9146,1.9327,1.9724,20.767,2.4881,21.124,1.7272,2.0288,2.3945,15.457,1.7555,2.0411,2.0175,2.1496,1.98,2.0349,2.027,1.974,1.798,2.0768,23.942,12.265,5.6186,1.9932,21.55,1.9842,4.0415,2.0795,1.9561,2.0278,24.719,2.2582,2.0035,2.0237,2.0051,1.7269,9.2571,2.8301,1.7654,9.411,1.9553,16.768,11.114,1.9503,3.1348,1.9717,6.0771,4.1312,1.7482,2.0423,2.0397,2.2692,2.015,1.9802,2.8461,2.1235,1.8028,2.0316,2.0172,2.0363,1.9695,2.0435,29.678,1.9435,1.9458,1.9487,1.6547,1.9991,1.7606,2.003,2.0071,5.9808,1.9169,4.0328,2.0071,1.9726,2.0295,10.265,8.4065,14.11,1.8941,2.2153,1.8392,2.0365,1.8907,1.7773,2.0459,2.0165,2.0647,1.8452,2.0693,1.9508,3.6675,2.1478,2.5045,6.1844,1.9999,2.0467,3.2574,2.0122,14.117,1.9897,1.8394,2.3308,1.8399,7.8047,3.2432,2.1011,1.7876,2.6391,2.0224,14.635,9.1151,1.9681,1.7908,2.0133,2.6778,1.9007,1.998,2.7709,1.8617,1.9518,2.0715,10.426,1.8757,2.1476,1.926,2.0519,1.8524,1.9537,1.8,1.9404,10.525,2.652,9.0497,16.218,2.1846,2.0216,1.8119,1.7672,2.0613,11.074,2.0458,11.688,2.1309,1.858,1.9199,1.9459,1.7164,1.9589,1.9663,3.8455,1.816,1.9863,2.1277,2.0107,2.5535,3.0883,1.7941,1.9632,1.7751,34.658,2.0639,5.4783,1.7542,2.0062,1.9744,1.7925,2.0668,1.9271,2.4621,4.9345,1.7282,2.0719,2.0544,1.9957,1.9837,3.4591,2.0506,35.842,2.1299,10.087,1.8719,4.4627,2.005,1.8217,1.94,3.1735,20.904,6.4334,3.0455,1.9295,10.177,1.7605,16.604,1.8561,2.1555,1.9176,1.7486,121.34,2.3315,1.8785,1.9432,12.267,1.9958,2.0845,2.0262,2.0078,2.2343,1.9282,2.4481,17.904,1.8759,1.9132,5.4597,1.9824,1.9639,2.1413,2.2506,1.7972,1.9532,1.9205,2.0533,4.4649,2.0857,1.9573,8.2299,6.3095,2.0904,2.037,1.6839,1.9168,2.0166,1.9123,2.3415,8.031,2.0366,2.0198,14.072,11.65,2.0469,2.2174,1.9973,1.9912,1.9947,13.885,14.575,2.2224
20,25,61,84,23,69,83,62,72,52,52,25,19,70,26,83,83,73,22,21,30,30,18,68,24,22,65,80,64,24,87,80,81,72,23,24,70,66,22,34,82,25,23,19,20,25,23,23,71,20,86,81,40,57,76,84,20,18,81,74,80,41,50,88,71,82,35,23,88,54,44,87,80,49,48,44,21,65,78,84,48,22,43,21,31,23,76,39,89,21,69,60,85,23,71,48,75,78,89,51,55,22,73,20,74,48,18,71,78,48,74,26,75,94,49,84,22,90,26,81,55,80,19,20,22,77,75,37,20,72,77,29,69,74,74,64,80,22,90,28,21,20,85,82,71,70,21,78,87,28,46,79,24,54,24,51,80,78,72,93,89,75,89,58,50,58,22,96,73,78,28,45,18,91,20,83,43,78,71,59,83,73,64,69,20,20,28,86,72,90,68,90,22,67,84,48,67,78,21,54,20,22,73,20,27,77,72,86,33,65,31,19,65,50,27,73,50,19,80,80,88,55,54,72,26,80,41,81,77,79,19,71,89,88,68,20,54,23,22,43,21,86,81,80,22,74,55,21,20,63,51,45,46,22,23,80,73,84,58,20,83,67,38,26,26,77,69,24,22,26,23,20,54,25,55,22,23,25
